"","baseMean","log2FoldChange","lfcSE","stat","pvalue","padj","abs_log2FC"
"POU4F1 ",1488.3181711317,-8.63126299206034,0.584137409404866,-14.776083252148,2.08970168113071e-49,3.59616762305783e-45,8.63126299206034
"CD300E ",1487.78858019801,7.97655612055273,0.547060963019662,14.5807444869102,3.72432931798306e-48,3.20459916165853e-44,7.97655612055273
"P2RY2 ",705.235028044231,5.87854186555824,0.445909308268004,13.1832678900371,1.09541076670494e-39,6.28364129474179e-36,5.87854186555824
"VWA2 ",2507.52483007517,-7.43798722035464,0.599364109197546,-12.4097974940691,2.31236891525883e-35,9.94838916567232e-32,7.43798722035464
"CCN2 ",1350.98133183303,-4.2378366390286,0.355975164533013,-11.9048660166729,1.11642478152897e-32,3.84251081306642e-29,4.2378366390286
"TFEC ",1377.86118894258,6.09515362529625,0.523336638336347,11.6467168143861,2.38470392194671e-31,6.83972829879683e-28,6.09515362529625
"NFAM1 ",1451.01177474543,4.40049574814842,0.379066342937188,11.6087746383687,3.71906930426287e-31,9.14306623672282e-28,4.40049574814842
"GATA2 ",578.849492641973,4.90796350225864,0.42921541650735,11.434732569012,2.80399315416262e-30,6.03173977374806e-27,4.90796350225864
"AASS ",416.726707808672,-7.37507167778077,0.654023899550609,-11.27645592592,1.7151746993886e-29,3.27960460019759e-26,7.37507167778077
"PTAFR ",1207.90328384912,4.3493852231589,0.387760652449865,11.2166750176419,3.37730963005738e-29,5.81201214236575e-26,4.3493852231589
"FHIT ",793.430010858729,-4.65243235283184,0.441991625772803,-10.5260644807405,6.5516669592223e-26,1.02497851546597e-22,4.65243235283184
"MCAM ",1060.06581982231,-7.26793584828274,0.705733316811115,-10.2984168029975,7.16304505778142e-25,9.48221864610465e-22,7.26793584828274
"SIRPB2 ",655.25204549368,5.2045865092644,0.511056252531722,10.1839797155037,2.33799494085402e-24,2.87389678122549e-21,5.2045865092644
"TNFSF13B ",640.683997543439,4.80236668105626,0.472010745350882,10.174274057016,2.58318915022231e-24,2.96360680574505e-21,4.80236668105626
"VCAN ",5189.96599836399,4.45766324991156,0.443760350365279,10.0452040076187,9.64479026066874e-24,1.03735747247405e-20,4.45766324991156
"CLEC7A ",567.484410096047,4.67657951676921,0.468119760492428,9.99013481475293,1.68352621003266e-23,1.70422367932071e-20,4.67657951676921
"RASAL2 ",918.60043587965,-8.06355589267388,0.819107885005052,-9.8443148213915,7.25317485456419e-23,6.93443811512196e-20,8.06355589267388
"MAGI3 ",303.29159498963,-4.79713149727847,0.487895764449658,-9.83228764588598,8.17405160651209e-23,7.40353968928771e-20,4.79713149727847
"GLI3 ",320.184929558421,-7.00337493228015,0.714929477524971,-9.79589617220047,1.1725298504025e-22,1.00890330977883e-19,7.00337493228015
"RASGRP4 ",815.510571269158,4.35479136682689,0.445509120168813,9.77486468779082,1.44350086580307e-22,1.18291459045739e-19,4.35479136682689
"IL5RA ",199.128204435065,5.73497400129816,0.598650505069989,9.57983657030018,9.71986170688549e-22,7.60314091426329e-19,5.73497400129816
"LOC107984993 ",412.305100356946,-4.35277660191624,0.46034514077791,-9.45546333900851,3.21594488436576e-21,2.40622589195871e-18,4.35277660191624
"MEFV ",492.22221816075,4.49932017272985,0.480722649612509,9.35949278935904,8.01203789665219e-21,5.74496500681198e-18,4.49932017272985
"CHRNB4 ",288.056838092063,-7.13834736156617,0.770370852428494,-9.26611818069629,1.93043865325477e-20,1.27772764553313e-17,7.13834736156617
"RAB17 ",299.809260832909,-6.17344039206293,0.675281542469546,-9.14202447987292,6.12939590108732e-20,3.90669533562265e-17,6.17344039206293
"SLCO3A1 ",406.087956312411,4.12754033724537,0.454657476532409,9.07835139702393,1.10231774839842e-19,6.77492361863873e-17,4.12754033724537
"TES ",556.327708306199,4.54115487558286,0.500725029927877,9.06915892787896,1.19939236880624e-19,7.11735974992638e-17,4.54115487558286
"ITGAX ",2106.22131354534,4.23638793297529,0.470072242040112,9.01220611238258,2.01952339384233e-19,1.15846593615442e-16,4.23638793297529
"BMP2 ",521.266403719209,-5.91843246623918,0.659432081243911,-8.97504479168655,2.83236523906101e-19,1.57232817416132e-16,5.91843246623918
"CLEC12A ",1231.3062940594,5.42038659645836,0.606974166862292,8.93017675608609,4.25328670827842e-19,2.28733784258636e-16,5.42038659645836
"DBNDD1 ",265.253635152183,-5.12256011714356,0.578290939802694,-8.8581019769933,8.13882488922727e-19,4.24427386420339e-16,5.12256011714356
"FGL2 ",2557.18720375316,4.10376578151063,0.468737398070631,8.75493570259624,2.042198750828e-18,1.01178075896431e-15,4.10376578151063
"TLR8 ",839.23391078702,6.05586057381928,0.691775909291007,8.75407844142168,2.0577794505056e-18,1.01178075896431e-15,6.05586057381928
"KHDRBS3 ",218.315357087947,-6.96612041477838,0.796099195118248,-8.75031711813711,2.12754028423089e-18,1.01702335420359e-15,6.96612041477838
"NEO1 ",223.827263702588,-4.3368885563885,0.496111323398525,-8.74176490606864,2.29496665125185e-18,1.06740759733495e-15,4.3368885563885
"TMEM150C ",230.325228209047,-5.07608199190474,0.5985026467254,-8.48130249661821,2.22686819577197e-17,9.58054369525998e-15,5.07608199190474
"SLC16A2 ",631.414225509897,-12.7325979979566,1.5188338714627,-8.38314066942331,5.15338265788516e-17,2.16303810145234e-14,12.7325979979566
"ARHGEF10L ",469.436115348541,6.15557121634221,0.743961358223323,8.27404696265748,1.2948712242906e-16,5.30558069019452e-14,6.15557121634221
"MSRB3 ",580.490392801456,4.61369692196194,0.562715132166555,8.19899209782821,2.42410859792138e-16,9.48101928673388e-14,4.61369692196194
"RGS18 ",618.179477156809,4.27871384922299,0.525689076785848,8.13924815669324,3.97740008302277e-16,1.4563208091221e-13,4.27871384922299
"HTATSF1P2 ",191.025165714799,4.79048759250873,0.59478692950122,8.05412384654444,8.00501345063404e-16,2.86996409316586e-13,4.79048759250873
"RAB44 ",883.357960741634,5.08576233801423,0.632062627248836,8.04629496945723,8.53381668713474e-16,2.99711125242657e-13,5.08576233801423
"SIRPB1 ",1743.74867327755,5.02135393192927,0.62473251995807,8.03760612984624,9.1610543381441e-16,3.15305168210244e-13,5.02135393192927
"GAPT ",579.092401152558,4.70260792836313,0.585529192746381,8.03138082032408,9.63816727106913e-16,3.25222001113389e-13,4.70260792836313
"C5AR2 ",256.00256890217,4.31982982841333,0.541305834078653,7.98038660670641,1.45875658574328e-15,4.73655511019925e-13,4.31982982841333
"MS4A2 ",284.001579987672,5.74577252373879,0.723389645594767,7.94284595961371,1.97594274581055e-15,6.18254522048249e-13,5.74577252373879
"KCNH3 ",116.339021861064,5.26907856694208,0.667717657492522,7.89117751764875,2.9934848813275e-15,9.19363515595651e-13,5.26907856694208
"ADGRE3 ",291.815998867192,4.91186278455703,0.622618358614145,7.88904264803579,3.04513454523517e-15,9.19363515595651e-13,4.91186278455703
"HEY2 ",148.302014040968,-6.60158536980476,0.837180261019965,-7.88550050351381,3.13277326677284e-15,9.29515433584376e-13,6.60158536980476
"SLC11A1 ",1212.61585244001,4.25104108679348,0.542907745260184,7.83013527419139,4.87345321004622e-15,1.42147892019806e-12,4.25104108679348
"NR3C2 ",273.8365151517,-4.18076072946008,0.538992097249618,-7.75662713942146,8.72178691151879e-15,2.50155384933878e-12,4.18076072946008
"LOC728989 ",221.537166113981,-4.10085494219368,0.530334561217555,-7.73258098204809,1.05387735576731e-14,2.97314351072125e-12,4.10085494219368
"LOC105377267 ",178.662158410354,6.30027058615931,0.818703361765904,7.69542532788668,1.41024271064564e-14,3.79201043867201e-12,6.30027058615931
"CLEC12B ",183.21409766293,6.52999215463368,0.860147120400063,7.59171541677256,3.15697783044009e-14,7.87368572232515e-12,6.52999215463368
"GRID2IP ",206.027281625456,-4.39016429539651,0.57899790271332,-7.58234921892319,3.39353365621183e-14,8.34276009853562e-12,4.39016429539651
"OR7A5 ",272.157515573632,-11.5183952064236,1.5330120298223,-7.51357131082574,5.75357786112833e-14,1.39455382270644e-11,11.5183952064236
"LRRC25 ",824.470816700542,4.48300108632574,0.600890375789251,7.46059725193211,8.61311537882206e-14,2.03045345964588e-11,4.48300108632574
"ATRNL1 ",613.187373061013,-10.2778397419253,1.38706271480836,-7.40978733852368,1.26502105091256e-13,2.94185773853436e-11,10.2778397419253
"GLB1L3 ",369.280874750132,-6.82876601985762,0.922427201302576,-7.40304059790799,1.33101034893853e-13,2.98214462021268e-11,6.82876601985762
"RASEF ",205.670980425839,-8.68497144484895,1.17527694994297,-7.38972328630317,1.47134691599661e-13,3.16505113467322e-11,8.68497144484895
"TYMP ",896.37215667219,4.04409925513984,0.554541885623097,7.2926849350537,3.03838069251129e-13,6.37652357773497e-11,4.04409925513984
"PLEKHG4B ",893.194912023696,-7.3354160614183,1.00678129163136,-7.28600751959958,3.1927516475638e-13,6.61976663890668e-11,7.3354160614183
"ERVH48-1 ",188.814931474793,-4.76414888062787,0.657109450466195,-7.25016034581132,4.16278522181901e-13,8.52825843836707e-11,4.76414888062787
"SUCNR1 ",1337.02826146851,5.97796118181104,0.82603784645162,7.23690955261958,4.5902404285045e-13,9.29334676872165e-11,5.97796118181104
"NDRG4 ",404.130034897438,-7.4890007373854,1.03516344618705,-7.23460702265964,4.66879045510398e-13,9.34246685370749e-11,7.4890007373854
"LINC01410 ",138.241753539107,4.44403392369138,0.616165669802645,7.2124010497287,5.49737771893879e-13,1.07504969505929e-10,4.44403392369138
"SULT1B1 ",374.422232119655,4.54264905224289,0.630735596466104,7.20214473020791,5.92727269419904e-13,1.14609478420754e-10,4.54264905224289
"KCNQ1 ",133.456895609839,5.22443327364255,0.728203224840623,7.17441655766628,7.26161953895235e-13,1.38850234050923e-10,5.22443327364255
"PNMA8B ",100.477445277855,-5.27955961204851,0.737351674511148,-7.16016494510408,8.05800458498545e-13,1.52384836157159e-10,5.27955961204851
"AOAH ",612.051641025354,4.04921322691703,0.567489287310163,7.13531218555659,9.65677335103442e-13,1.80634144128208e-10,4.04921322691703
"LOC107986195 ",455.520702944215,-6.58910432010008,0.928778229507193,-7.09437851875172,1.29934052046137e-12,2.30519082645564e-10,6.58910432010008
"CECR2 ",303.207671804148,-6.70294880570169,0.945403883956577,-7.09003730516677,1.3407585333135e-12,2.35439934691755e-10,6.70294880570169
"HDC ",671.867066580396,6.60013345116084,0.931952411330341,7.08204986748121,1.42037522330978e-12,2.46901386039778e-10,6.60013345116084
"LOC101928343 ",89.2527870934763,5.90913884186312,0.836924716895089,7.06053808971668,1.65859072692466e-12,2.85426878196466e-10,5.90913884186312
"MAP2K6 ",418.446712696214,4.98161377785454,0.713324537474258,6.98365682960166,2.87594068219047e-12,4.66906256602036e-10,4.98161377785454
"BTNL9 ",900.221132706029,-6.57921492204613,0.948211967710408,-6.93854870650133,3.96148415051263e-12,6.37132530338054e-10,6.57921492204613
"NACC2 ",358.87773788824,4.13710573811474,0.608247593815571,6.80168040149974,1.03405802330437e-11,1.61773677482226e-09,4.13710573811474
"FERMT2 ",230.339036428359,-5.8637238230096,0.867661566073495,-6.75807717235329,1.39835048694985e-11,2.12957641857699e-09,5.8637238230096
"FLVCR2 ",124.212875240974,4.55371067705678,0.674076233020131,6.75548321390049,1.42359990150279e-11,2.1490114653475e-09,4.55371067705678
"F5 ",1008.14474124368,6.08988763317677,0.90492154346689,6.72974102245981,1.69965327579151e-11,2.50999896913446e-09,6.08988763317677
"C14orf132 ",212.785008087225,-7.4407287248976,1.10574457928085,-6.72915686345653,1.70649008884149e-11,2.50999896913446e-09,7.4407287248976
"FZD8 ",111.336166621319,-6.21116439758407,0.927509296914919,-6.69660608065455,2.13315616521904e-11,3.05912370393787e-09,6.21116439758407
"LOC105375903 ",105.347099904776,-4.24237748650641,0.633924472576257,-6.69224437615647,2.19773442080902e-11,3.12568691303326e-09,4.24237748650641
"SCN4A ",270.259478382259,-4.01675883879998,0.601405177549805,-6.67895619915466,2.40650067620285e-11,3.39454673252253e-09,4.01675883879998
"ARNT2 ",145.135312683258,-8.18465997102531,1.22711907028333,-6.6698172730178,2.56122112721696e-11,3.55452051437715e-09,8.18465997102531
"TRAT1 ",111.642576421008,4.77856696576129,0.717329039188011,6.66161092707253,2.70842257703384e-11,3.72873953025403e-09,4.77856696576129
"MDFI ",198.284015856094,-6.6647979483632,1.0094800851302,-6.60220845020788,4.05077380318876e-11,5.44607549836526e-09,6.6647979483632
"CCDC144B ",170.474381573496,6.41334159845255,0.974744672006705,6.57950926292258,4.72003505526994e-11,6.2482371743185e-09,6.41334159845255
"FRG2EP ",115.667774341442,-10.2839356904981,1.56811012093324,-6.55817187403764,5.44714070081055e-11,7.04810859550743e-09,10.2839356904981
"PTGDR2 ",77.6026387480812,4.80015266918755,0.73466312810734,6.53381459547839,6.41153087431216e-11,8.23403244895806e-09,4.80015266918755
"TBC1D8B ",163.723285876434,-10.7849365293609,1.65268027938331,-6.52572470543744,6.76735177131103e-11,8.62661900981419e-09,10.7849365293609
"SHISA2 ",857.098137484233,-11.7415952593868,1.80281233358913,-6.51293262233847,7.36975737412442e-11,9.2573835511903e-09,11.7415952593868
"CORO2B ",751.484410867341,-4.88586497523521,0.752235745342417,-6.49512470723013,8.29646576087858e-11,1.03397419414903e-08,4.88586497523521
"LINC02910 ",106.155876507718,5.11015341435088,0.786888337930134,6.49412777903514,8.35158422841045e-11,1.03397419414903e-08,5.11015341435088
"SLC24A4 ",380.632201567225,5.79806877798007,0.898442858199179,6.453464151968,1.09321871423178e-10,1.33426956405778e-08,5.79806877798007
"SLC46A2 ",114.23504709718,7.84590417174915,1.21880414379402,6.43737897651515,1.21554171723349e-10,1.47311671914586e-08,7.84590417174915
"LGALS12 ",124.928135930642,4.85270395419295,0.754538554825918,6.43135320674572,1.26472886833573e-10,1.51143882605483e-08,4.85270395419295
"GHR ",144.760615695938,-6.61717927691469,1.02936323633783,-6.42842005943078,1.28937029401973e-10,1.53026023377831e-08,6.61717927691469
"LGALS2 ",94.6490251270576,6.9771338855778,1.08742225372833,6.41621399751204,1.39705031966887e-10,1.63845742193535e-08,6.9771338855778
"SIGLEC5 ",436.052980356214,4.45594973644607,0.699797031066392,6.36748876978776,1.92148113269763e-10,2.18985223924461e-08,4.45594973644607
"GPR141 ",550.020607866846,5.09925591553678,0.801378717081341,6.36310374464211,1.97717045212076e-10,2.23849515200962e-08,5.09925591553678
"CFAP251 ",297.013058277441,-4.3690936675285,0.69020070756071,-6.33017848238614,2.44877773485654e-10,2.71877522833201e-08,4.3690936675285
"C3AR1 ",847.887623029783,4.07628664748684,0.646663236524997,6.30356948910805,2.90867712415874e-10,3.20868106600306e-08,4.07628664748684
"USP32P2 ",220.198738847245,5.28348527377608,0.838901713900218,6.29809808018168,3.01319841758391e-10,3.30281092791092e-08,5.28348527377608
"LOC105377113 ",385.758424605465,-6.9806660105708,1.1139420544702,-6.26663297481022,3.68938344261991e-10,3.94351550708361e-08,6.9806660105708
"LINC00472 ",67.449211804141,-5.22471504824543,0.834112069384349,-6.26380463730941,3.75696114397544e-10,3.99095952633786e-08,5.22471504824543
"LOC124904096 ",213.894764440496,-5.15979961720528,0.826278845234325,-6.24462268030354,4.24824383153268e-10,4.485155097966e-08,5.15979961720528
"SIRPD ",72.4619805989091,4.55579552999452,0.732303949834029,6.22118115166121,4.93426057020404e-10,5.14628425167523e-08,4.55579552999452
"ADPRHL1 ",993.983956596604,-5.92993271385734,0.96027711972528,-6.17523066211741,6.60669440882043e-10,6.84907253502354e-08,5.92993271385734
"LZTS3 ",127.443572127986,-4.04933601964671,0.658574256983873,-6.14864000028151,7.81501295312134e-10,8.04901838359295e-08,4.04933601964671
"PTPRG ",465.766738268843,-7.11404789340398,1.15717433672065,-6.14777537632287,7.85772031171838e-10,8.04901838359295e-08,7.11404789340398
"NPY ",120.8039755314,-6.35344820576919,1.03508612242138,-6.13808654965496,8.35213577543199e-10,8.50484642363368e-08,6.35344820576919
"HOMER1 ",74.1697925711338,-6.59370045388491,1.07936931726572,-6.10884555305702,1.00354382710742e-09,1.00994068542057e-07,6.59370045388491
"ATP8B4 ",1013.00320889114,4.59435205439441,0.755238919074388,6.08330945129945,1.17726812599227e-09,1.17107555954919e-07,4.59435205439441
"CD180 ",625.537683254343,4.29618141486638,0.708719642954146,6.0618912676932,1.34530153462397e-09,1.32293109196251e-07,4.29618141486638
"MTUS2 ",225.914839724764,-5.81805610332665,0.962450533549529,-6.04504429112797,1.4936896287717e-09,1.46050595576887e-07,5.81805610332665
"DIP2C ",612.282862549843,-4.31041708239748,0.714671927835083,-6.03132278534403,1.626229934504e-09,1.57223544622917e-07,4.31041708239748
"TSPAN2 ",396.653873920048,4.78759693382469,0.800908334824992,5.9777089657468,2.26297550301988e-09,2.10505650980914e-07,4.78759693382469
"NLRC4 ",411.294145767033,4.09628546981723,0.685858258932673,5.97249565266128,2.33651374291941e-09,2.1617776882742e-07,4.09628546981723
"PLOD2 ",210.814559928139,-7.17445131791797,1.20189510297115,-5.96928242754489,2.38299302044515e-09,2.19299074271875e-07,7.17445131791797
"RUNX2 ",792.183697245239,4.47599558861753,0.752407178516641,5.94890069688315,2.69949343968286e-09,2.45796733351864e-07,4.47599558861753
"CCR3 ",129.075714654765,6.42422548032855,1.08016006801224,5.94747544421886,2.72309601522538e-09,2.46640838557967e-07,6.42422548032855
"MYCL ",170.4887038186,9.44512436425618,1.58903565310809,5.94393482977045,2.7826026564819e-09,2.5071104248899e-07,9.44512436425618
"LOC105374947 ",958.974103433202,-4.28423375594633,0.726648334584799,-5.8958832657262,3.72682384984024e-09,3.32305241616065e-07,4.28423375594633
"ADGRE4P ",166.116289964282,5.90670509647602,1.00238018079532,5.89267945400663,3.79983073865793e-09,3.3706849062662e-07,5.90670509647602
"CCR2 ",1017.70923208792,5.4882968611342,0.939072910021872,5.84437779278115,5.08465152591503e-09,4.39707377434531e-07,5.4882968611342
"SIGLEC6 ",58.7422923698114,4.52123663871895,0.77526623310385,5.83185033174702,5.4816077563849e-09,4.6931834765984e-07,4.52123663871895
"LOC440864 ",381.534052501826,-10.5494894103354,1.81555231330535,-5.81062265902394,6.22409102964872e-09,5.30249418461509e-07,10.5494894103354
"PELATON ",129.857107814782,4.19320194977752,0.722366166589266,5.80481498680399,6.44371159583469e-09,5.43577612023133e-07,4.19320194977752
"GNG12 ",202.365049737752,-5.76015350370816,0.995662282561768,-5.78524827603964,7.24053101138025e-09,5.96183244855707e-07,5.76015350370816
"KIAA1671 ",483.733241236737,-4.0260941383457,0.696467175998593,-5.78073781089983,7.4373723464284e-09,6.06586448861072e-07,4.0260941383457
"KLHDC7B ",294.63376498144,7.91242090407042,1.36946965080987,5.77772636245806,7.57168175320036e-09,6.14627694768042e-07,7.91242090407042
"SYDE1 ",333.42838485222,-7.84670034617783,1.36426342492291,-5.7516020753992,8.84016792337775e-09,7.14227463818815e-07,7.84670034617783
"ZNF334 ",73.1739346346001,-7.17341830684225,1.24913121799567,-5.7427259870685,9.3164419534904e-09,7.49189951297272e-07,7.17341830684225
"RNASE2CP ",65.1050003670952,4.40813548534873,0.771884489950881,5.71087454501027,1.12397081055509e-08,8.95482114761231e-07,4.40813548534873
"LOC124906245 ",59.8308408349986,-9.33334296936806,1.65124539406543,-5.65230522544501,1.58310145102748e-08,1.21623182458625e-06,9.33334296936806
"TUNAR ",312.4288243377,-8.2380763681683,1.45919495014219,-5.64563108402039,1.64576417301349e-08,1.25875358459507e-06,8.2380763681683
"GRB7 ",88.0016046672488,-6.40769566565213,1.13997318838393,-5.62091786977544,1.89945562449442e-08,1.43998818686892e-06,6.40769566565213
"LOC101929621 ",116.789525591155,-6.89310569312903,1.22770570446567,-5.61462382072182,1.96990326811578e-08,1.48684497109669e-06,6.89310569312903
"TPPP3 ",85.9724989598469,4.32329909382359,0.774101947788344,5.58492212321067,2.33804960031385e-08,1.7342886022328e-06,4.32329909382359
"RASIP1 ",225.658974386029,-5.28366386337986,0.948261523389303,-5.57194796272534,2.51906671552826e-08,1.85259056015068e-06,5.28366386337986
"SNTB1 ",992.028659471027,4.52763829051231,0.813201007188892,5.5676742287416,2.58161897336862e-08,1.88250342850426e-06,4.52763829051231
"SLC25A27 ",93.6196045605757,-5.96442298537458,1.07588817012484,-5.5437202034506,2.96111871097843e-08,2.12222364422585e-06,5.96442298537458
"PPM1H ",122.690881803695,4.01067574575519,0.726281730846869,5.52220381624993,3.34773824490337e-08,2.36959878674974e-06,4.01067574575519
"CD101 ",269.288080133532,5.30159591734898,0.960160287663173,5.52157383039861,3.35976584326188e-08,2.36959878674974e-06,5.30159591734898
"ZNF667 ",66.9337371274833,-5.41821438471063,0.98165281159931,-5.51948134889287,3.4000167696643e-08,2.38819953425114e-06,5.41821438471063
"GPBAR1 ",158.007149060292,4.39079894962356,0.797354224968288,5.50671058374111,3.65600568650145e-08,2.55202861590352e-06,4.39079894962356
"ZNF516 ",593.187280976149,4.10276034204525,0.745092384249412,5.50637803952092,3.6629151497947e-08,2.55202861590352e-06,4.10276034204525
"NRG3 ",101.816461206535,-10.1003534876933,1.83473773238715,-5.50506664216902,3.69028646279357e-08,2.56051716746835e-06,10.1003534876933
"OASL ",327.040392476779,5.39415584048767,0.986350238431119,5.46880370715738,4.53083181361202e-08,3.08186105456321e-06,5.39415584048767
"LOC124903752 ",57.3303932522482,-4.46485729679394,0.81897014944874,-5.45179491560137,4.98639424835433e-08,3.37838026062715e-06,4.46485729679394
"ODF3B ",480.481768416657,4.49223203071175,0.826903665764126,5.43259416628728,5.55406270065231e-08,3.70464593083433e-06,4.49223203071175
"SLCO4C1 ",242.835107271511,4.66433686291923,0.860283586740022,5.4218596458342,5.89821862368487e-08,3.90394016519203e-06,4.66433686291923
"CPS1 ",46.097556483815,-5.16092773897633,0.952084679392425,-5.42066042095099,5.9379259747181e-08,3.9151635286944e-06,5.16092773897633
"LRFN3 ",78.1030181151409,-4.17990295495705,0.771568674722845,-5.41740883461671,6.04689642193089e-08,3.95669355608398e-06,4.17990295495705
"MYOF ",565.996988824027,4.34320077218735,0.803070654267908,5.40824241192909,6.36462419212051e-08,4.13316293291328e-06,4.34320077218735
"BOC ",88.9524942175171,-5.29112719557056,0.98598387475855,-5.36634252448222,8.0349288482822e-08,5.10232806457891e-06,5.29112719557056
"CRMP1 ",55.7322196188111,-6.79895257720478,1.2696587191127,-5.35494497447014,8.55824576041733e-08,5.41466365040521e-06,6.79895257720478
"NXPH3 ",200.875979685226,-6.3734515570641,1.1904060555997,-5.35401473058979,8.60238524187833e-08,5.42265375924851e-06,6.3734515570641
"ARAP3 ",482.530856826398,4.0765545372444,0.761647404692807,5.35228573238372,8.68501139918981e-08,5.45475770688531e-06,4.0765545372444
"HS3ST4 ",94.3248244392129,-9.99010260964307,1.87025682154654,-5.34156726207374,9.2146412791696e-08,5.74546238308803e-06,9.99010260964307
"NAV2 ",193.493389403802,-5.151157402349,0.965495360741342,-5.33524821744742,9.54139429230786e-08,5.92772037459661e-06,5.151157402349
"CARD9 ",289.479649138957,4.06801446935364,0.764029704427431,5.32441925461817,1.01276076190698e-07,6.26928055815007e-06,4.06801446935364
"TRPM8 ",45.132064522578,-8.92658745715727,1.68213691142053,-5.30669495244532,1.1163076016484e-07,6.81224734637139e-06,8.92658745715727
"HRH4 ",136.523740436968,7.54096061137753,1.42361676626008,5.29704397285798,1.17692361035256e-07,7.1315769051258e-06,7.54096061137753
"RBMS3 ",119.688442958463,-4.8984107133697,0.9250241627171,-5.29544082284451,1.18729639877027e-07,7.16416111005292e-06,4.8984107133697
"BGN ",135.590899528707,-10.5134914099839,1.98557743480082,-5.29492893387891,1.19062704252143e-07,7.16416111005292e-06,10.5134914099839
"DAGLA ",173.803626957878,5.1059055179535,0.965172136346404,5.29015014594347,1.22215988287335e-07,7.32827506075521e-06,5.1059055179535
"LOC124903563 ",102.834775459022,-5.20464329195554,0.992188904948551,-5.24561730734675,1.55759915906569e-07,9.18094448364032e-06,5.20464329195554
"OR7C1 ",64.8585976703598,-9.44993205718506,1.80436036784078,-5.23727533901307,1.62964484722071e-07,9.53896536592555e-06,9.44993205718506
"LIPN ",236.267658018638,6.03870527045051,1.1549244216592,5.22865839288003,1.70744516835585e-07,9.926832399404e-06,6.03870527045051
"UGT2B11 ",84.0051402639179,8.42132924986058,1.61318501628688,5.22031209367677,1.78621860348818e-07,1.02463453158094e-05,8.42132924986058
"RAB17-DT ",53.6968694727331,-6.16451415299051,1.18225425602978,-5.2142033928404,1.84608827194735e-07,1.05196467125636e-05,6.16451415299051
"LOC124904924 ",139.681197673382,-8.15019058104641,1.56647368573061,-5.20289019553184,1.96212812923874e-07,1.11073233473913e-05,8.15019058104641
"PNPLA1 ",133.578727494219,5.33978650707576,1.02967158878097,5.18591225130095,2.1496001095302e-07,1.19330542854533e-05,5.33978650707576
"MDGA2 ",68.2148364104581,-9.52268999810756,1.83777425097175,-5.18164295373727,2.19939927065485e-07,1.21702450317361e-05,9.52268999810756
"COL6A3 ",2120.98929155252,-6.81484501423566,1.31994346848495,-5.16298248898329,2.43045884292791e-07,1.30705519462333e-05,6.81484501423566
"LINC01694 ",391.073119545187,-4.62772548771557,0.896533256014288,-5.16180014145713,2.44586343478925e-07,1.3071696847605e-05,4.62772548771557
"TENT5A ",1060.21401209129,4.17354639320916,0.808976100503315,5.15904782676835,2.48208906201449e-07,1.32242324050178e-05,4.17354639320916
"CCDC8 ",69.2663164103385,-8.10293015724459,1.57346489391954,-5.14973685689294,2.6085217060666e-07,1.3791105612302e-05,8.10293015724459
"LOC124907724 ",217.448176605289,-5.95900744535776,1.15721264467987,-5.14944895629468,2.61252857784324e-07,1.3791105612302e-05,5.95900744535776
"LOC107987020 ",74.4315801234079,4.51157651094613,0.876243702492755,5.14876911310348,2.62201393972248e-07,1.37988495072429e-05,4.51157651094613
"FRAS1 ",71.600022114693,-8.1509721804314,1.60054416138128,-5.09262560640442,3.53138608370632e-07,1.80867925936018e-05,8.1509721804314
"LOC124900868 ",43.8258562782152,5.44902160190027,1.07395173089418,5.07380494406704,3.89938773514131e-07,1.98120750197353e-05,5.44902160190027
"LOC780529 ",36.6865688635244,-8.6273486916371,1.7003806067939,-5.07377504610813,3.90000077015708e-07,1.98120750197353e-05,8.6273486916371
"CLEC5A ",745.31976301017,5.26429280446797,1.03763206523419,5.07337136240081,3.9082871097481e-07,1.98120750197353e-05,5.26429280446797
"MYO3A ",178.969199008815,-24.2749091281281,4.78504426187459,-5.07307932792624,3.91429223470858e-07,1.98120750197353e-05,24.2749091281281
"ZNF667-AS1 ",59.0675418766245,-4.99644335610899,0.985676910854207,-5.06904777933672,3.99810864551776e-07,2.01769653022625e-05,4.99644335610899
"LOC124901653 ",46.4632590803478,-6.51228928415094,1.28517844334652,-5.06722573652368,4.03655488586604e-07,2.03114248628271e-05,6.51228928415094
"CLEC20A ",110.839891917804,-8.78618948381562,1.7347433760396,-5.06483529793,4.08753595809748e-07,2.05079901757725e-05,8.78618948381562
"LOC101927745 ",666.166264543141,-5.18443184320952,1.02665484081696,-5.04982944324697,4.42204702184641e-07,2.18048731229097e-05,5.18443184320952
"CALN1 ",278.963527002839,-6.04602925495939,1.1979693330578,-5.04689818689011,4.49040481546123e-07,2.20786789912207e-05,6.04602925495939
"BRD2 ",36.9731162830494,8.6802516464678,1.72390196671031,5.03523507373923,4.7726277799087e-07,2.32668984318552e-05,8.6802516464678
"MS4A4E ",449.655394561948,4.22664194782363,0.848723441838591,4.97999906620635,6.3584580035783e-07,3.01439955326664e-05,4.22664194782363
"HLA-F_6 ",65.6537211567655,-8.01326652368222,1.61882468998828,-4.95005207990756,7.41936250324945e-07,3.4885193802847e-05,8.01326652368222
"TIFAB ",192.99522120192,4.84250271390185,0.979646377578547,4.94311296885654,7.68849013201135e-07,3.59541376852672e-05,4.84250271390185
"LINC00870 ",76.5891973414421,-7.27456115714897,1.47587697773739,-4.92897529189818,8.26620266676061e-07,3.81982030348164e-05,7.27456115714897
"LOC105379182 ",114.173008058832,-6.47142092133859,1.31711434390656,-4.91333265883685,8.95411599346493e-07,4.12009043132454e-05,6.47142092133859
"COL27A1 ",321.297477384938,-7.77385251988319,1.58317335793274,-4.9102977137223,9.09382228507472e-07,4.17321567210269e-05,7.77385251988319
"LOC105377918 ",60.1273103147648,-7.89834947225187,1.61025621767126,-4.90502653278022,9.34147110438954e-07,4.25551421864976e-05,7.89834947225187
"HGF ",2072.26719223647,4.87587462171351,0.99617688679061,4.89458718262592,9.85122980868393e-07,4.44960141148666e-05,4.87587462171351
"LOC105377732 ",92.2737298785707,-23.3715323349529,4.78532449456363,-4.8840015680241,1.03954247121612e-06,4.68311161967491e-05,23.3715323349529
"HAL ",259.260127030163,4.19537562217382,0.859693523978112,4.88008284947908,1.06041284122871e-06,4.76465916049734e-05,4.19537562217382
"SIGLEC17P ",87.0958438086879,5.09923347981474,1.04545600826908,4.87752085164955,1.07427494888083e-06,4.81437437377349e-05,5.09923347981474
"EPHB2 ",59.8372603319988,5.60333231278123,1.14903990213533,4.87653414156308,1.07966008460053e-06,4.82594036256898e-05,5.60333231278123
"BVES ",94.6537240674468,-6.27259082325537,1.28664383121089,-4.87515711115802,1.08721890403672e-06,4.84713733667563e-05,6.27259082325537
"LINC02532 ",51.3925347691554,-6.65907754498253,1.36859385689893,-4.86563454264745,1.14090166408143e-06,5.07332732226806e-05,6.65907754498253
"NTRK1 ",55.8673986701184,5.77045404730455,1.18955980263911,4.85091546848041,1.2289291788749e-06,5.42272877929697e-05,5.77045404730455
"EVA1A ",62.6328035051107,-9.39950974652094,1.94417786492817,-4.83469641131226,1.33348985361514e-06,5.86906058589846e-05,9.39950974652094
"FCGR1BP ",38.4520364089712,4.42546702877625,0.915984951903383,4.83137525303259,1.35593165616183e-06,5.9315123628211e-05,4.42546702877625
"DIRAS1 ",251.400503155397,-4.31854312447798,0.893910470572107,-4.8310689567313,1.35801956589663e-06,5.9315123628211e-05,4.31854312447798
"TENM4 ",360.368527072179,-5.92339826973109,1.22903030233773,-4.81957056588778,1.43867560314291e-06,6.25206274103192e-05,5.92339826973109
"ADGRE1 ",263.82928985249,4.92019696789241,1.02300949712889,4.80953205390673,1.5128403604902e-06,6.50861744091894e-05,4.92019696789241
"SERPINB2 ",368.51151428281,6.00999727715798,1.25167273186053,4.80157242718273,1.57424549547532e-06,6.71952828643632e-05,6.00999727715798
"VLDLR ",513.692949993813,-4.12224533371115,0.858593407766996,-4.80116117410238,1.57748237998737e-06,6.71952828643632e-05,4.12224533371115
"KCNS3 ",60.2672004677803,-6.92452304103088,1.44252694632751,-4.80027292291478,1.58449546108307e-06,6.73273639253793e-05,6.92452304103088
"FGD1 ",90.1812418442593,-8.46749640516256,1.76496361374497,-4.79754729175176,1.60620294183057e-06,6.80816414432569e-05,8.46749640516256
"CHST3 ",258.072831616863,-5.71012198842901,1.1906316482259,-4.79587620313755,1.61965288997951e-06,6.83152122148466e-05,5.71012198842901
"EVC ",140.316291182782,-4.6403887893453,0.968918233968101,-4.78924704548193,1.67408279434199e-06,6.9925463125804e-05,4.6403887893453
"GPR176 ",556.841398708239,-5.51686340724572,1.15241246548472,-4.78722989596024,1.69099092285687e-06,7.02904898344054e-05,5.51686340724572
"LOC100507336 ",31.9301067008135,-8.42750382129883,1.76088422513051,-4.78594997957587,1.70180440644557e-06,7.04542588126374e-05,8.42750382129883
"ADAMTS18 ",50.625783741339,-5.66846125005972,1.18828689694997,-4.77028002632126,1.83969990271355e-06,7.5559416768013e-05,5.66846125005972
"OR2B6 ",47.7460176003137,-4.74425785156062,0.996324543880458,-4.76175948961652,1.91912322504089e-06,7.86337894755445e-05,4.74425785156062
"TUBB3 ",54.4012377889547,-4.2241537799189,0.887724639965841,-4.75840546690406,1.95128238079024e-06,7.95725556659225e-05,4.2241537799189
"INTU ",40.3101258673285,-6.33070377583662,1.33107381016926,-4.75608769962321,1.97380749476821e-06,8.0300834934908e-05,6.33070377583662
"AIFM3 ",61.8853820937883,4.44245191703347,0.935204566826104,4.75024617566856,2.03169164776211e-06,8.18814556588714e-05,4.44245191703347
"ADRB2 ",215.199693698662,4.00461712907701,0.847141407059822,4.72721212267956,2.27623440653408e-06,9.00499262115975e-05,4.00461712907701
"TREM1 ",687.95839563148,4.01418918668313,0.849965198956527,4.72276887525655,2.3265519931585e-06,9.16192980555255e-05,4.01418918668313
"TCEAL9 ",45.0441246572828,-5.83167598252364,1.23524817610674,-4.72105613699747,2.34623166784735e-06,9.21833350958562e-05,5.83167598252364
"SEMA6C ",737.945565582781,-4.03075980142235,0.853926426874674,-4.72026590882627,2.3553653230164e-06,9.23313937216156e-05,4.03075980142235
"LOC105376718 ",39.6886364521328,5.30212277642688,1.12351163165643,4.71924155214111,2.36725591251269e-06,9.25866068146158e-05,5.30212277642688
"MORC4 ",126.658081817565,-5.87358859793625,1.24617089427698,-4.71330908538356,2.43726072722959e-06,9.5108435045111e-05,5.87358859793625
"IL1RL1 ",393.570726933458,6.56635550654605,1.39439369413856,4.70911159032648,2.4879883846951e-06,9.67450868620069e-05,6.56635550654605
"LOXL1 ",47.7003849022735,-5.97087514623934,1.26799506939746,-4.70891038170728,2.49044531813987e-06,9.67450868620069e-05,5.97087514623934
"DCLK2 ",82.72964872742,-7.39090328104807,1.57768221909612,-4.68465904704336,2.80426342480075e-06,0.000107720020708473,7.39090328104807
"LOC105370152 ",34.8402912292481,8.59282656195648,1.83887522040236,4.67287093034856,2.97018433227301e-06,0.000113334594621034,8.59282656195648
"GJC1 ",210.748076495955,-6.6911197495483,1.43331126396715,-4.66829495990179,3.03709668785598e-06,0.00011537615210003,6.6911197495483
"ASGR2 ",50.4814786147153,4.27288498633981,0.917965801982497,4.6547322101889,3.24402050101465e-06,0.000122158312476939,4.27288498633981
"RNF182 ",104.209507476076,-6.39054970050171,1.37459411153155,-4.64904486851136,3.33475670853514e-06,0.000125300934928343,6.39054970050171
"SIGLEC14 ",402.63956106132,6.27256817641648,1.35739681954399,4.62102760674195,3.81843954411052e-06,0.000140409243834611,6.27256817641648
"SNX7 ",191.489360744498,-6.59172861979844,1.42727167720689,-4.61841198495451,3.86687932301608e-06,0.00014188726283536,6.59172861979844
"LOC107986256 ",85.8510771440788,-4.25340316436596,0.92345095942752,-4.60598705425873,4.10513929383772e-06,0.000148242407799959,4.25340316436596
"EFEMP1 ",51.247422382374,-6.68783989584735,1.45313448200782,-4.60235441292858,4.17741559292006e-06,0.000150395700708287,6.68783989584735
"LRRC14B ",161.081012023948,-6.57218447558757,1.42833312823644,-4.60129667628883,4.19868888417324e-06,0.000150846006279201,6.57218447558757
"TSPAN15 ",489.525749767703,-4.5387636151572,0.988293302740114,-4.59252693767442,4.37910963667356e-06,0.000157000203619824,4.5387636151572
"HAR1A ",64.1487838465206,-6.40603130768797,1.39514204587736,-4.59166959136366,4.39714119096952e-06,0.00015731892464739,6.40603130768797
"SCO2 ",55.3952931630571,6.80686909834762,1.48591963315068,4.58091335930102,4.62949618430925e-06,0.000163927983201189,6.80686909834762
"OTOF ",341.408402730783,9.44126538374744,2.06443552675527,4.5732914694539,4.80121504160875e-06,0.0001693117001046,9.44126538374744
"LINC00482 ",86.0383286529045,8.44007124180961,1.84617013775903,4.571664912777,4.83864263815932e-06,0.000170230114605823,8.44007124180961
"BMPR1B ",342.79571047514,-6.12775961224453,1.3404846715161,-4.57130151687149,4.84704260310613e-06,0.000170230114605823,6.12775961224453
"TSHZ2 ",188.666763380152,-5.33923946202969,1.16995312102114,-4.56363538512517,5.02753632005655e-06,0.000175139418080674,5.33923946202969
"AFAP1L2 ",791.895192104521,-4.23360917946969,0.928301831017491,-4.56059552832005,5.10087502647685e-06,0.000177335269354828,4.23360917946969
"LOXHD1 ",334.068393128408,5.29858806000695,1.16485538096242,4.54870891838023,5.39760411308874e-06,0.000186896115054616,5.29858806000695
"LOC124909486 ",43.1044784752577,-7.40256755943855,1.6284962241413,-4.54564613027697,5.47669841402371e-06,0.000189254022102277,7.40256755943855
"TAFA1 ",60.4974563875924,-7.91002036553316,1.74378894262219,-4.53611109245745,5.73010048756262e-06,0.00019643286711248,7.91002036553316
"LOC105371773 ",64.3939708687052,-4.21398991062925,0.933727044035748,-4.51308542206893,6.38912736107165e-06,0.000216012755907037,4.21398991062925
"ATP8A2 ",106.754928353414,-6.3713461354961,1.41628406448697,-4.49863575765364,6.83909177031953e-06,0.000228976518045581,6.3713461354961
"MTMR11 ",204.130469376205,5.19439298102477,1.15498901947813,4.49735269636744,6.88047986799682e-06,0.000229914908831762,5.19439298102477
"LOC112267855 ",42.4021970979214,5.85700463896715,1.30653089637305,4.48286730549295,7.36467278896994e-06,0.000244669216265219,5.85700463896715
"ADAMTSL1 ",167.043604404069,-9.38572137640633,2.09679346900511,-4.47622596843537,7.59740733488808e-06,0.000251430351588633,9.38572137640633
"ST8SIA5 ",85.6254257939393,-5.17290781495512,1.1583623322214,-4.46570789731655,7.980443310694e-06,0.000261094009379721,5.17290781495512
"MFAP4 ",118.700681244082,6.29817110829241,1.41289017480051,4.45765086389794,8.2862717602892e-06,0.000270072823338668,6.29817110829241
"LOC284581 ",82.9963649876608,-8.34344781429636,1.87447166875402,-4.45109304844407,8.54343106149374e-06,0.00027792798702693,8.34344781429636
"DSG2 ",452.619869389958,-7.86659845369319,1.76843252826178,-4.4483452594176,8.65343558010647e-06,0.000280975420562363,7.86659845369319
"LOC107984703 ",172.043506014237,-6.33585375044437,1.42458961793307,-4.44749398050298,8.6877892841352e-06,0.000281559634257406,6.33585375044437
"MYRIP ",680.756461762064,-6.03707668273511,1.3597454054709,-4.43985812229633,9.00182026908827e-06,0.000290642260808143,6.03707668273511
"KIF17 ",82.2774907398088,5.06005114983817,1.14320639268298,4.42619214012858,9.59111009377189e-06,0.000307935473141269,5.06005114983817
"RASL10A ",175.010119424484,-4.06671150906567,0.921582982430247,-4.41274588029133,1.02067773378382e-05,0.000325274872605291,4.06671150906567
"KCNE1 ",47.3984911920381,5.58404110892987,1.26618960783424,4.41011446814916,1.03315991326685e-05,0.000328037803457735,5.58404110892987
"BAHCC1 ",122.10698483323,5.56070489321512,1.26203894412302,4.40612781333717,1.0523488290363e-05,0.000332902040420693,5.56070489321512
"SLC6A12 ",33.2189652425822,5.02100500678279,1.14397363715653,4.3890915347167,1.13825155465942e-05,0.000358757710698424,5.02100500678279
"OLIG1 ",105.44921598733,6.68616394390891,1.52408031990459,4.38701547194537,1.14916618167966e-05,0.000361535663994978,6.68616394390891
"CREB3L1 ",52.20666606974,-4.8834848019646,1.11458300264294,-4.38144560825411,1.17894476734405e-05,0.000369553014594241,4.8834848019646
"FRMPD1 ",26.6065361721675,-8.16465268175152,1.86907240798212,-4.36829126944644,1.25222417329229e-05,0.000388980610075577,8.16465268175152
"PCDHGB2 ",45.1348572378713,-5.10802726856634,1.17182973225617,-4.35901831807225,1.306471780192e-05,0.000404371814124535,5.10802726856634
"HSD17B14 ",33.0373091454347,-4.64453909275548,1.06578405908112,-4.35786128829872,1.31339577258325e-05,0.000405785060150543,4.64453909275548
"FOLR3 ",53.6097586869974,4.74337667612414,1.09119828044276,4.34694295357531,1.38048104858626e-05,0.000424132716513997,4.74337667612414
"SLC26A9 ",75.4317074137592,-6.64398594625197,1.52932487206522,-4.34439148124219,1.39662261580144e-05,0.000427659761482686,6.64398594625197
"SERPINB10 ",185.727804267983,4.32752335056233,0.997862308900126,4.33679407666199,1.44575954475354e-05,0.000441136099391199,4.32752335056233
"LOC105374869 ",138.962302461674,-4.22883941975501,0.977180627557966,-4.3275923616324,1.50748137215667e-05,0.000459154812981312,4.22883941975501
"FAM171A1 ",616.827020882036,-4.8210847020524,1.11430962671557,-4.32652162959641,1.5148245110816e-05,0.000460576236947054,4.8210847020524
"TMEM63C ",40.391462688618,-4.42546632533419,1.0258760541805,-4.31384113831312,1.60442256062056e-05,0.000485781470900678,4.42546632533419
"SMARCA1 ",33.7246249632646,-8.50502029739892,1.9731337821284,-4.31041238786385,1.62950379706874e-05,0.000491967207785191,8.50502029739892
"CDK15 ",38.6979393190093,7.2878493700504,1.69102296231414,4.30972821331598,1.63455304470948e-05,0.000492627379096417,7.2878493700504
"SPRY4 ",247.353105754757,-5.45608359131857,1.26652906278402,-4.30790240164348,1.64810074097339e-05,0.000495842056842851,5.45608359131857
"SCN2A ",140.287752164008,6.30907325717155,1.46739531674543,4.2995048336154,1.71180142656454e-05,0.000510544033791146,6.30907325717155
"PCDH12 ",1395.28112071842,-4.29736690578078,0.999665670676621,-4.29880412205425,1.71722150839674e-05,0.000511274479896185,4.29736690578078
"NGFR ",186.961356080835,-4.11606969021773,0.957603123038077,-4.29830437181445,1.72109711875234e-05,0.000511543356072694,4.11606969021773
"OLR1 ",350.671800518458,5.17085629824463,1.20516278684597,4.29058742493807,1.78201114156136e-05,0.000526316887088501,5.17085629824463
"LOC105374786 ",23.8174057980042,-8.00482245926094,1.86870646309918,-4.28361683192621,1.83879472551631e-05,0.000540919973186499,8.00482245926094
"ZNF662 ",119.969507211704,-5.35539766022507,1.25495867861314,-4.26738963719772,1.97773556966713e-05,0.000577841280448244,5.35539766022507
"ZFPM2 ",33.7822081561336,4.73806059429627,1.11136100587542,4.26329569712056,2.01433672971946e-05,0.000586543498845046,4.73806059429627
"FGD5 ",344.955508992417,-5.73866803234126,1.34657709052703,-4.26167062599827,2.02904347472699e-05,0.000589827857374608,5.73866803234126
"CLEC10A ",40.9894050435122,6.398729538285,1.50418408617,4.25395375281335,2.10028697189566e-05,0.000607459470577352,6.398729538285
"DUSP26 ",368.362353700686,-4.46964427834428,1.05132993832875,-4.25141919334047,2.12420153026623e-05,0.000613345371381738,4.46964427834428
"MGAM ",394.358552457932,4.73751275638872,1.11755346796603,4.23918218876016,2.24335542177248e-05,0.000642361122350793,4.73751275638872
"IL31RA ",89.5077481243154,7.46577113975731,1.7769946792716,4.20134692964729,2.65331620327436e-05,0.00074731454242469,7.46577113975731
"KCNQ3 ",53.7186806266759,-9.17794226074865,2.18973408298318,-4.19135014249999,2.77299321082221e-05,0.000778473738418261,9.17794226074865
"LOC100130075 ",73.6982687659296,-6.13901961556699,1.46604599172548,-4.18746727607202,2.82084676984512e-05,0.000789332553857963,6.13901961556699
"EXOC6B ",176.449595824287,-4.27218345409907,1.02077243953065,-4.18524569106059,2.84857824671662e-05,0.000795798426099777,4.27218345409907
"LINC01224 ",53.9071883519878,-6.68182100555109,1.59715658024341,-4.18357291213913,2.86962995486034e-05,0.000800380257588194,6.68182100555109
"AMOTL2 ",70.2865824894778,-4.40846696870779,1.05447802353848,-4.18071014312315,2.90600108051675e-05,0.00080400920570117,4.40846696870779
"LOC105379854 ",55.9732270750995,9.27847720179265,2.22686493682698,4.16660976979295,3.09163056855185e-05,0.00085399471034043,9.27847720179265
"ENPP3 ",64.1613491861242,4.33863251713166,1.04369403675625,4.15699655678392,3.22458848723653e-05,0.000887871092429654,4.33863251713166
"LOC105373252 ",20.3309928303,-7.77628921708129,1.87960658452544,-4.13718981466785,3.51585255902175e-05,0.000958863814393109,7.77628921708129
"NME8 ",32.2775287529932,5.01437524358739,1.21247423771479,4.13565508248509,3.53943485473559e-05,0.000960727672163166,5.01437524358739
"GAS1 ",66.4146754452685,-7.03060350003561,1.70656673957419,-4.11973545305931,3.79307645594488e-05,0.00101634502715854,7.03060350003561
"KLRK1-AS1 ",54.2562230610867,5.76250691138842,1.40057179563603,4.11439594124594,3.88194625003488e-05,0.00103642963158008,5.76250691138842
"AATK ",319.430911239394,4.32124667388428,1.05092349584274,4.11185656327824,3.92490128036178e-05,0.00104395094488015,4.32124667388428
"ITGB8 ",25.2724903455032,5.6616679470523,1.37722733511353,4.11091749539345,3.94090010943383e-05,0.00104658873430936,5.6616679470523
"COLCA1 ",79.1941906616439,-4.55108424239392,1.10724588782997,-4.11027423304621,3.95189502092455e-05,0.0010478915472279,4.55108424239392
"LYVE1 ",412.366883312164,-5.962439246895,1.45184777828537,-4.10679365707101,4.01189320698219e-05,0.00106216415690702,5.962439246895
"ZNF423 ",702.196810444815,-4.48037176576288,1.09424240744468,-4.09449655330544,4.23086707253935e-05,0.00111328733106009,4.48037176576288
"MID1 ",33.7406549106866,-6.08126208034971,1.48587418388655,-4.09271669586665,4.26348499364049e-05,0.00111674753813637,6.08126208034971
"EFR3B ",70.7788256603781,-5.31987134803444,1.3037904942191,-4.08031150067615,4.49753888412217e-05,0.00117269919177058,5.31987134803444
"LOC105377927 ",39.4211689625877,-6.31215615557637,1.54921979888402,-4.07440968681353,4.61312106745984e-05,0.00120101664825895,6.31215615557637
"TMEM52B ",50.1363044753672,4.42116387078925,1.08752306848359,4.06535180624169,4.79600612092483e-05,0.00124486379087474,4.42116387078925
"FBLN1 ",87.7151069208194,-4.44877408295371,1.09559886906709,-4.06058659657242,4.89495773232813e-05,0.00126863445204269,4.44877408295371
"BCAM ",250.084031929712,-4.16404237264176,1.0282356006471,-4.04969675239915,5.12840449430049e-05,0.00131904972120758,4.16404237264176
"GLB1L2 ",35.4577590563083,-4.44679150540152,1.09814282296171,-4.04937446425088,5.13547163233819e-05,0.00131904972120758,4.44679150540152
"LOC105373591 ",21.2663611905522,-7.83973963910221,1.93770473078518,-4.04588971402544,5.21247702867929e-05,0.0013368333410811,7.83973963910221
"GPR63 ",45.1251759950181,-7.48882023531652,1.85523844056859,-4.03658099765406,5.42358064194647e-05,0.0013827318409964,7.48882023531652
"B4GALNT4 ",119.254300066937,-7.2675024690705,1.81087385869647,-4.01325715436739,5.98866101987354e-05,0.00150594770111366,7.2675024690705
"LOC107984805 ",56.705513801194,-9.25511643099435,2.31178125517036,-4.0034568194093,6.242359913478e-05,0.00156140656614888,9.25511643099435
"SLC22A15 ",403.637033175099,4.65771130627444,1.16494422121529,3.99822688627567,6.38187628349285e-05,0.00159158788533098,4.65771130627444
"LINC01139 ",305.897095706507,-4.28482837968261,1.07215554226437,-3.99646153078977,6.42963242970694e-05,0.00159542177777078,4.28482837968261
"PRLR ",93.8120589320838,6.96760653827121,1.7452063712154,3.99242556822595,6.54008646393193e-05,0.00161940069004035,6.96760653827121
"TNS2 ",565.470893379511,-5.22559151648779,1.3126446420207,-3.98096434419863,6.86362453952782e-05,0.00168978704865142,5.22559151648779
"ANTXR1 ",314.295363070341,-5.70596134339417,1.43404854439104,-3.97891784466556,6.92296562654843e-05,0.00170196164953246,5.70596134339417
"TCL6 ",265.533924343456,-4.9998061511531,1.26268615146661,-3.95965865733606,7.50569666459212e-05,0.0018166741758223,4.9998061511531
"ACBD7 ",50.8325657810818,-5.25593597238023,1.32836360306814,-3.95669977726016,7.59923383938521e-05,0.00183415449006985,5.25593597238023
"PLVAP ",368.090635345674,-4.5990642455008,1.1631644637837,-3.95392430623296,7.68797400491391e-05,0.00185297401471377,4.5990642455008
"RAB9B ",34.0845654537367,-5.41242244607349,1.36965211991099,-3.95167675601102,7.76055201640117e-05,0.00186264072036608,5.41242244607349
"MATN3 ",41.1155242518985,-8.79230632397102,2.23136804262785,-3.94032098515511,8.13726550368513e-05,0.00194222194248152,8.79230632397102
"ANGPTL2 ",522.304773429201,-6.76573352172784,1.7174928037841,-3.93930822115884,8.17168931114759e-05,0.00194773686088004,6.76573352172784
"HLA-F-AS1_6 ",18.1089708220716,-7.60942231457142,1.93237721028444,-3.93785554604598,8.22130606339141e-05,0.00195414994537159,7.60942231457142
"FRZB ",29.8307146061496,-8.32967275099965,2.13556590380497,-3.90045221089106,9.60131780463165e-05,0.00223282537972846,8.32967275099965
"LOC124902874 ",16.7926409677704,7.54037487259032,1.93663779478148,3.89353904633526,9.87922921578387e-05,0.00229126220450707,7.54037487259032
"KLK2 ",19.8121819983867,-7.73941840950553,1.99582901248095,-3.87779632478881,0.000105406902952258,0.00241859652387387,7.73941840950553
"LRRC15 ",88.2487852554445,-8.46463021736801,2.18874087984407,-3.86735145092691,0.000110023808149006,0.00251781876919713,8.46463021736801
"NPR3 ",557.412739742274,5.19268941508768,1.34613393267684,3.85748348588303,0.000114560416633617,0.00260431996016897,5.19268941508768
"LOC124901361 ",304.597990454384,-6.72177419842709,1.74584261040736,-3.85016046598763,0.000118040463507641,0.00266582458858659,6.72177419842709
"ANKRD22 ",129.23444078468,4.96229812396884,1.29064825400567,3.8448106279676,0.000120645571561282,0.00271043034072858,4.96229812396884
"EPHB1 ",16.6290416171768,7.52599629212599,1.95824981924205,3.84322583266674,0.000121427636532723,0.00272444354249234,7.52599629212599
"GATD3 ",16.0015369703231,7.47169271185765,1.94529076989746,3.84091305396546,0.000122577528380315,0.00274309061885154,7.47169271185765
"STOX2 ",182.981193351856,-4.68710151232857,1.22188427252647,-3.83596189730564,0.000125073799446228,0.00278789980277749,4.68710151232857
"SRRM3 ",33.9191266723142,-6.09483911336789,1.59477710291797,-3.82174982460944,0.000132508081981109,0.00291602504196025,6.09483911336789
"LOC124903514 ",25.3707219232048,-6.64977317672599,1.74023013379686,-3.82120332683667,0.000132802103429501,0.00291876296030431,6.64977317672599
"LOC107984281 ",93.9294236189899,-5.12267997026627,1.34093152509356,-3.82023979181849,0.000133321993126206,0.00291968004503241,5.12267997026627
"LAPTM4B ",199.637123417691,-4.75787013797253,1.24545614757109,-3.82018278784957,0.000133352810471002,0.00291968004503241,4.75787013797253
"HSPC102 ",38.1806159361111,4.01909826471048,1.05440419753995,3.81172445451896,0.000138000663883148,0.00300995364355525,4.01909826471048
"FCGR2C ",91.3661448521128,4.35225585840777,1.14705188881649,3.79429727708164,0.000148062195183832,0.00320100793582733,4.35225585840777
"USP6 ",32.7481331294085,-8.46416474177678,2.2324562831403,-3.79141343357935,0.00014979235995151,0.00323367538154577,8.46416474177678
"KCNJ5-AS1 ",60.1240479900467,4.42959541673712,1.16840297374159,3.79115383672139,0.000149949035648412,0.00323367538154577,4.42959541673712
"LUCAT1 ",31.7378120139618,6.99312573192076,1.84846819835911,3.78320045653399,0.000154824623792888,0.00332216577412944,6.99312573192076
"FRY-AS1 ",20.8315647987629,4.76216736345257,1.26182662148761,3.77402670252611,0.000160633556041475,0.00342121641821502,4.76216736345257
"FAR2P2 ",47.2931920183449,-6.48462427784324,1.71857646000999,-3.773253287669,0.000161132553218838,0.00342760211167242,6.48462427784324
"DLL4 ",53.58450740053,-4.21617102739432,1.11954502750034,-3.76596824944858,0.000165904876037607,0.00350313743770697,4.21617102739432
"PDGFA ",175.813888346298,-6.15403313188045,1.6377635416417,-3.75758342117667,0.000171562181133028,0.0036120691235856,6.15403313188045
"LOC124906019 ",25.4729752267791,-6.65648848645558,1.771571488026,-3.75739197173052,0.000171693447794353,0.0036120691235856,6.65648848645558
"WWTR1 ",181.860569962905,-4.56050135100689,1.21389122743075,-3.75692751372737,0.000172012294525016,0.00361435845724175,4.56050135100689
"ECEL1 ",91.5509486948322,-7.55569696011077,2.01177061179135,-3.75574477319902,0.000172826753114778,0.00362704340774661,7.55569696011077
"LINC01770 ",16.433680569788,-7.46790902850645,1.98967582255503,-3.75332953431407,0.000174501213054859,0.00365327417939304,7.46790902850645
"LOC105375566 ",23.4901400672262,5.524479654442,1.47321771840464,3.74994108842547,0.000176876118924471,0.00369400622642138,5.524479654442
"CBLC ",49.1203136156024,-9.04875080287465,2.41862942860091,-3.74127210058343,0.000183091160325688,0.00379535811328442,9.04875080287465
"TLR7 ",286.939309034547,4.0626687278642,1.09082682707685,3.72439385154394,0.000195785068209661,0.00403988637748208,4.0626687278642
"CA7 ",88.2252922749152,-7.50292568247458,2.02197905865116,-3.71068416874689,0.000206699855853001,0.00422686353277535,7.50292568247458
"CYP39A1 ",15.0353432256856,-7.34089397544647,1.98418958724957,-3.69969383098227,0.000215859723451835,0.00438423339106876,7.34089397544647
"TNFSF15 ",31.6272321205111,5.35115055528182,1.45191277418009,3.68558680000848,0.000228176296669186,0.00458724987077105,5.35115055528182
"CLIP4 ",215.153581648982,4.30185599387355,1.16815230177766,3.68261568917607,0.000230853046907327,0.00463024485341282,4.30185599387355
"LARGE1 ",879.325771888716,-4.13710973154694,1.12447367316178,-3.67915214939116,0.000234010633850925,0.00467703291024606,4.13710973154694
"TNFAIP6 ",246.340816194916,4.88517238317294,1.33265370089317,3.66574780822566,0.000246616869768721,0.00491207142575222,4.88517238317294
"SNAP91 ",107.136795833483,-7.78710153070026,2.12543555518036,-3.66376741544604,0.000248532481434744,0.00494450343700636,7.78710153070026
"PCDHGB8P ",21.6189735840318,-4.37836059257965,1.19531814264393,-3.66292490373745,0.000249351657724545,0.00495430115962842,4.37836059257965
"COL4A1 ",277.243112179234,-4.54934793229761,1.24233171831391,-3.66194299415616,0.000250309566393067,0.00496264669131139,4.54934793229761
"SLFN5 ",1271.86948691744,4.08413374977416,1.11557057734413,3.66102677205541,0.000251206504974862,0.00496898016564643,4.08413374977416
"PDGFA-DT ",38.0610585062664,-5.64365178175805,1.54648293661162,-3.64934629936713,0.000262908488170368,0.00517665008343691,5.64365178175805
"IRX2 ",57.7637559178128,-4.69181503374291,1.28783872178036,-3.64316971868709,0.000269301142477518,0.00526673186318798,4.69181503374291
"RANBP3L ",230.69052369169,-4.66756376485165,1.28175947855876,-3.64152857297376,0.000271024037892787,0.00528707991605938,4.66756376485165
"LOC107986015 ",220.638946839034,-5.24574213314379,1.44498339502751,-3.63031308954517,0.000283077634611117,0.00548590429507063,5.24574213314379
"KCNJ12 ",113.016933574641,-7.86613435897152,2.1689366169334,-3.62672394276475,0.000287039883059316,0.00555019027816604,7.86613435897152
"LINC01637 ",23.0053755115294,5.49225761845457,1.51490479227554,3.62548039088625,0.000288424783080449,0.00557070941866605,5.49225761845457
"PM20D1 ",25.5761196343439,-4.60732822273756,1.271510062151,-3.62350905422123,0.000290633025066443,0.0056042163087959,4.60732822273756
"OBSL1 ",146.506290885228,-4.23289755736656,1.16822734772047,-3.62335085343284,0.000290810922410061,0.0056042163087959,4.23289755736656
"IFI44L ",1584.34276180062,4.09228037057195,1.13105057927134,3.61812322593773,0.000296747108776497,0.00569946539613252,4.09228037057195
"LOC105374589 ",17.3577324589781,-7.54870913654198,2.08690490381181,-3.61717926042245,0.000297831044355787,0.00571390684762401,7.54870913654198
"LOC124901809 ",157.277213094193,-5.80520798855351,1.60528883067149,-3.61630123977453,0.000298842584563509,0.00572505145162394,5.80520798855351
"CPT1C ",88.934728660492,-5.68266187432721,1.57802867828181,-3.60111444901915,0.00031685604585814,0.00601851621762995,5.68266187432721
"EXPH5 ",25.3600767714167,-4.6227288486934,1.28445881740848,-3.59897007676758,0.000319479943661733,0.00606166521551792,4.6227288486934
"SLCO2B1 ",540.537085784957,-4.67069036720711,1.29896557113222,-3.59569989459843,0.000323520593135855,0.00612239177850752,4.67069036720711
"USP32P1 ",60.0990191371096,-7.90886506933138,2.20083319855164,-3.59357768436798,0.000326168343227026,0.00616139519055311,7.90886506933138
"RUFY4 ",27.7492075310382,4.40877303440183,1.227385681108,3.59200298835318,0.000328146086044674,0.00618517633597239,4.40877303440183
"LOC124903372 ",219.638687322629,-5.13974146243295,1.43185938834924,-3.58955739945836,0.00033123989078346,0.00621625657632776,5.13974146243295
"FFAR1 ",184.918787198,-5.08525544950009,1.42078001801839,-3.57919972480515,0.000344648001546784,0.00643979094312553,5.08525544950009
"CCDC3 ",69.285848514716,-6.11526699306686,1.70889701367545,-3.57848772871005,0.00034558809133725,0.00645035299763855,6.11526699306686
"BAHCC1_1 ",30.7020552490837,4.87588214079243,1.36288844203279,3.57760913543291,0.000346751455345786,0.00645805821974635,4.87588214079243
"SLC4A3 ",44.1128021803453,4.87664205523123,1.36331512211707,3.57704684420898,0.000347497918468931,0.00646193490445564,4.87664205523123
"TMTC1 ",69.226165321659,-5.28919139541159,1.47871364880476,-3.57688684329574,0.000347710600355972,0.00646193490445564,5.28919139541159
"CCL17 ",60.0213852355639,-5.49736148635346,1.53891879544553,-3.57222324051343,0.000353963473143133,0.00657104359149966,5.49736148635346
"LOC105371981 ",20.4748396209621,5.34797787075887,1.49732932722247,3.57167776889757,0.000354701661958116,0.0065776518325832,5.34797787075887
"GJA5 ",33.3412763408646,-8.48995019041098,2.37960286119218,-3.56780130368372,0.000359989316710237,0.00666135070028652,8.48995019041098
"COL4A2 ",433.780580056869,-5.4050654680551,1.51527659268464,-3.56704874486239,0.000361024343627727,0.00667058078969127,5.4050654680551
"POSTN ",42.8187354282136,-8.85069108889823,2.49507251219567,-3.54726808364764,0.000389248286719258,0.0071034716502139,8.85069108889823
"LOC105376080 ",14.8530993070374,-7.32378069229049,2.0671053321791,-3.54301282004334,0.000395583471326175,0.00718859129678157,7.32378069229049
"LOC124909470 ",44.9251283969567,-4.8647565526175,1.37567393557911,-3.53627151521891,0.000405817373177963,0.00734354487383761,4.8647565526175
"LOC112268413 ",47.1581561006921,4.6844509072913,1.32754985209637,3.52864406552714,0.000417694521820974,0.00752208355749162,4.6844509072913
"KSR2 ",54.6175194585262,-6.21828196674532,1.76228514877155,-3.52853337672394,0.000417869247542681,0.00752208355749162,6.21828196674532
"MYO16 ",35.4070892759659,-8.57661260682734,2.43240564635165,-3.52597956664479,0.00042191952067836,0.0075712336093367,8.57661260682734
"RIPK4 ",43.1111472181013,-8.85966214162997,2.51307461399862,-3.52542741559636,0.000422800023528771,0.0075791308384444,8.85966214162997
"LOC105372698 ",13.0034791023119,7.17237291125199,2.03676989997546,3.5214448678461,0.000429201906108253,0.00765402653079474,7.17237291125199
"LOC105370841 ",51.5127732866354,-7.68435317983765,2.18517978264646,-3.51657709853565,0.000437149679399398,0.00778769030308928,7.68435317983765
"LZTS1 ",16.9524914017012,-7.51241846821375,2.13902381178819,-3.51207799876406,0.000444617489267934,0.00791253606288715,7.51241846821375
"FOLH1 ",68.5771922272649,-4.79513512636988,1.36575244767281,-3.51098409857556,0.000446451103121421,0.00793695974547162,4.79513512636988
"ADAMTS17 ",82.4892685061866,-5.17009977418146,1.47390940569459,-3.5077459674294,0.00045192036550264,0.00800112918717586,5.17009977418146
"FST ",31.260220691802,-4.01121529356039,1.14752924386941,-3.49552337336066,0.00047313301234124,0.00830957225389932,4.01121529356039
"CDH8 ",26.2090932052917,5.71168832165239,1.63500094162539,3.49338534079025,0.00047693774786516,0.00836658685322277,5.71168832165239
"MSGN1 ",22.7277144431353,-7.93741555182631,2.27718129617377,-3.48563180505792,0.000490976280009379,0.00857787898749381,7.93741555182631
"MPZL2 ",123.52213472967,4.5108771114104,1.29452460544552,3.48458197892495,0.000492906442085587,0.00860286710126864,4.5108771114104
"TRIM72 ",105.484454762267,5.4829658732522,1.57930735016739,3.47175353338985,0.000517070820061967,0.00899724139782243,5.4829658732522
"THY1 ",120.499797076547,-4.76832713442912,1.37466163292448,-3.4687278819915,0.000522928825989973,0.00905340258195316,4.76832713442912
"NR5A2 ",343.635973661415,-6.1768234271856,1.78362076452731,-3.46308113811546,0.000534027332988739,0.00918089547792528,6.1768234271856
"ETV1 ",12.6589982228405,-7.09250696478115,2.05095671792275,-3.4581456072679,0.00054390733627034,0.00933210503477197,7.09250696478115
"LOC107985729 ",14.5742603203457,-7.29439141410858,2.11602349793015,-3.44721664066766,0.000566394205642308,0.00966690379876362,7.29439141410858
"LINC01436 ",81.1307279949663,7.41076995987339,2.15324263586024,3.44167899913088,0.000578115838661211,0.00983082556079128,7.41076995987339
"NPTX2 ",63.2755957508792,8.02139578558556,2.33197878692921,3.43973788721649,0.000582277811879384,0.0098918251378404,8.02139578558556
"CD1E ",17.7865209696929,6.17054451566979,1.7963406197154,3.43506373342903,0.000592414483938716,0.0100541034064116,6.17054451566979
"COLEC12 ",174.302340728876,-5.22900652034141,1.52249202799684,-3.4345050247792,0.000593637065993674,0.0100649263730888,5.22900652034141
"OSCAR ",24.430234558107,4.99441925246051,1.45504718510469,3.43247923750401,0.000598089674326711,0.0101304381943783,4.99441925246051
"LOC124902472 ",21.1007217248733,-7.83030487985766,2.28216792117041,-3.43108182672285,0.000601179229350158,0.0101572457030777,7.83030487985766
"TEAD2 ",140.92668261926,-4.33203597969316,1.2629859095519,-3.42999549474795,0.00060359127104505,0.0101785297615933,4.33203597969316
"LINC02227 ",68.1388652350389,-5.80554220933131,1.6940693021019,-3.42698034969888,0.000610333234672337,0.0102670817551087,5.80554220933131
"GADL1 ",15.6526352041526,-7.39960221760845,2.16086759615369,-3.42436631970401,0.000616234938978264,0.0103562373680439,7.39960221760845
"BEX4 ",172.314916423934,-5.19746181228397,1.51791391621638,-3.42408206207068,0.000616879899619938,0.0103569621390824,5.19746181228397
"LOC124903741 ",45.8299409592196,5.24148255886732,1.53136423837057,3.42275366469604,0.00061990227482814,0.0103874374367259,5.24148255886732
"FAM157C ",22.1737196675017,4.10240032421682,1.20029037085958,3.41783990258868,0.000631202238456944,0.0105459799238889,4.10240032421682
"CD1C ",174.725243510573,4.85519542776766,1.42758575254131,3.40098338689966,0.000671439082354979,0.0111317872526463,4.85519542776766
"ITGA11 ",138.493327656797,-4.1791131343501,1.22987710865016,-3.39799245384513,0.000678822925082237,0.0112122126275906,4.1791131343501
"PLS3 ",12.5548588407557,-7.08099467262954,2.08668839040515,-3.3934125982532,0.000690275822809454,0.0113674226169645,7.08099467262954
"CLCN1 ",23.7043752540531,6.56551263026243,1.9380861426622,3.38762683749644,0.000705001113106274,0.0115546325289961,6.56551263026243
"NINL ",412.139994613193,-5.74464163824367,1.69992127386813,-3.379357459991,0.000726554724181836,0.0118514504724599,5.74464163824367
"LDOC1 ",64.6763190691552,-6.3296236975019,1.87922511856521,-3.36820939384556,0.000756581107102012,0.0123178848364414,6.3296236975019
"GUCY2D ",22.7016697908716,4.86004311601475,1.4513705874842,3.34858867743705,0.000812242830688528,0.01305124824773,4.86004311601475
"ILDR2 ",60.7100426384328,5.87323581464816,1.75767067035291,3.34148820579052,0.000833305567551371,0.0133274679479475,5.87323581464816
"LINC02137 ",34.2745543706826,-6.11877246654734,1.8316883696944,-3.34050953632915,0.000836248087328665,0.0133373432204254,6.11877246654734
"LOC105374020 ",28.5884386937177,5.83936667038834,1.75326292156207,3.33057101623169,0.000866680530782894,0.0137589531865709,5.83936667038834
"TMEM169 ",25.6555923251092,5.0662945938282,1.52200020618156,3.32870821781206,0.000872497592524157,0.013838535548155,5.0662945938282
"CDON ",11.5489302579814,-6.95959830636895,2.09446115375837,-3.32285862350821,0.00089100059285358,0.0140930415463394,6.95959830636895
"LOC124901324 ",31.1684424192419,6.00943497247082,1.81199502675575,3.31647431904396,0.000911609652218206,0.0143268406438567,6.00943497247082
"TNFAIP8L3 ",83.7992299832285,-4.84211965958637,1.46108301664672,-3.31406196938717,0.000919511259156937,0.014385335689847,4.84211965958637
"LOC124907723 ",22.6956164259031,-4.80263571264659,1.44949690871126,-3.3133121456027,0.000921980192342221,0.0144108602452473,4.80263571264659
"ACOT11 ",47.7375667763042,4.68478022015076,1.41603433103839,3.3083803954918,0.000938372569597279,0.0146139851133028,4.68478022015076
"NTNG1 ",36.1443463320159,-5.19145972554423,1.57494275763033,-3.29628470647107,0.000979726740323066,0.0150953941017165,5.19145972554423
"TAP2 ",11.29046788128,-6.92700464925444,2.10494557925903,-3.29082362865307,0.000998945229789482,0.0153489718387921,6.92700464925444
"VAT1L ",108.516227262595,-4.9865777494061,1.51707470240115,-3.28696915287928,0.00101271926454619,0.0154848865661242,4.9865777494061
"LOC124903038 ",18.2811440944792,-6.14271922635044,1.86888388255214,-3.28683835507317,0.00101318974219628,0.0154848865661242,6.14271922635044
"HAR1B ",15.3421031364087,-7.37072643209192,2.24462213970584,-3.28372704773279,0.00102444088455822,0.0156152375397364,7.37072643209192
"CYP2W1 ",35.0585656379499,-7.08449812314473,2.15822300689534,-3.28256074581281,0.00102868819331245,0.0156384232497473,7.08449812314473
"DIPK1C ",127.049815819788,-5.72921401582534,1.74630738153807,-3.28075920447596,0.00103528088521442,0.0157247561815137,5.72921401582534
"KIAA1549L ",22.1847548442112,-7.9024532462516,2.40951884814552,-3.2796810252527,0.00103924513295485,0.0157710489356438,7.9024532462516
"DUBR ",29.7643971756659,-4.76660689280474,1.45506819270997,-3.27586495030673,0.00105338918735652,0.0159315829684679,4.76660689280474
"COL12A1 ",30.1203923720825,-4.05892408329709,1.24119420597897,-3.27017646694193,0.00107480411882328,0.0161822432903149,4.05892408329709
"CACHD1 ",29.9645571202465,-4.2089572137584,1.29056496408074,-3.26132920922459,0.00110891212687281,0.0165797296189002,4.2089572137584
"COL11A1 ",28.6736606802318,-5.85791828013904,1.79817402945295,-3.25770375068824,0.00112317594498339,0.0167400638004292,5.85791828013904
"CHRDL1 ",459.951346832471,-12.2752507732398,3.76860032951313,-3.25724398979334,0.00112499687484756,0.0167400638004292,12.2752507732398
"BNC2 ",87.2589989666115,-5.12232694882469,1.57265331951264,-3.2571240496997,0.00112547235848083,0.0167400638004292,5.12232694882469
"ZNF391 ",24.7956643070484,-4.52610445018479,1.39064030317315,-3.25469097929721,0.00113515808610376,0.0168678104725623,4.52610445018479
"LOC124900253 ",16.6313141821694,-4.40695035028772,1.35550747532309,-3.25114426184725,0.00114941518483035,0.0169996648642596,4.40695035028772
"LOC124900735 ",24.8172712090675,-4.93191847800384,1.51757944522797,-3.24985851219338,0.00115462438793024,0.0170476954268952,4.93191847800384
"NMRAL2P ",24.4597942287112,6.60890223190185,2.03403007965145,3.24916641991565,0.00115743741879231,0.0170679867523538,6.60890223190185
"GJB2 ",23.4319668451701,-5.55774085452158,1.71156539064071,-3.24716828519247,0.00116559448072609,0.0171735577215884,5.55774085452158
"HGFAC ",35.9387479366205,-6.13492533550765,1.892818068682,-3.24115953720766,0.00119044540431339,0.0175003593192791,6.13492533550765
"LOC102723730 ",11.7311741766297,-6.98146306348429,2.15625435881062,-3.23777342638521,0.00120466440194002,0.0176434635684985,6.98146306348429
"AGPAT1 ",13.741145263668,-7.21175931599506,2.22956749169832,-3.2346001378508,0.0012181319628629,0.0177986859282019,7.21175931599506
"SYNDIG1 ",79.0392153989095,-4.04087360268678,1.25192169145461,-3.22773671090537,0.00124773759547256,0.01810481979805,4.04087360268678
"TDRD9 ",49.2341696897514,4.43289812443898,1.37440095247378,3.22533109167323,0.0012582705938811,0.0182115884357443,4.43289812443898
"PRKG2 ",34.1477820464738,-6.11756627642963,1.90060933306259,-3.21873946950052,0.00128755410832586,0.0185263533864379,6.11756627642963
"ZNF208 ",47.2929532117005,-4.09841364668409,1.27341331968064,-3.21844728914249,0.00128886657495011,0.0185297451030213,4.09841364668409
"LOC124902009 ",20.5189762654134,-4.76361930136917,1.48055529433881,-3.21745450479545,0.00129333536867135,0.0185475069662211,4.76361930136917
"TMEM45B ",91.0383480144018,-5.29644571576003,1.6468967097173,-3.21601572491403,0.00129983709533941,0.0186097309265357,5.29644571576003
"GLI2 ",82.657694473773,6.40892270155582,1.99330294121546,3.21522763501661,0.00130341118198984,0.0186453890530866,6.40892270155582
"ZNF415 ",44.0278173551181,-4.89079960275092,1.52159903949026,-3.21424992775322,0.00130785781243678,0.0186934593805852,4.89079960275092
"LOC105371512 ",19.4102305772684,7.75124477460671,2.41359182837047,3.21149777004339,0.00132044995369663,0.0188421420009663,7.75124477460671
"IBSP ",11.5210093339499,-6.95726317124826,2.16834565787617,-3.20855816782583,0.00133402321487657,0.018941588700339,6.95726317124826
"LOC124903314 ",34.1764273618073,5.05332411349389,1.57902244888792,3.20028642851332,0.00137291075988063,0.0194296227522909,5.05332411349389
"SPTLC3 ",37.3237597601608,-4.3881770073662,1.37160925735703,-3.19929089412958,0.00137766085646968,0.0194808263590688,4.3881770073662
"NCKAP5 ",103.123766372888,-4.99130438127592,1.56374831156809,-3.19188474535954,0.00141347721719661,0.0199236270934621,4.99130438127592
"UMODL1-AS1 ",24.5755165142557,5.57782907557545,1.74797486388886,3.19102361870696,0.00141769690281035,0.0199536504083721,5.57782907557545
"LOC100130698 ",19.1746201772891,6.25508076800041,1.96025623508764,3.19095057882612,0.00141805534600727,0.0199536504083721,6.25508076800041
"SNTG2-AS1 ",32.8835606563654,-5.34268161478178,1.67495860303892,-3.18973949868875,0.00142401091288003,0.0200210815357455,5.34268161478178
"CDH5 ",351.921286696846,-4.90823712148607,1.53893539070269,-3.18937178983513,0.0014258237037258,0.0200302041774835,4.90823712148607
"SNTG2 ",23.9681919531091,-5.48952986079121,1.72180603870346,-3.18823940524966,0.00143141968946626,0.0200760402901589,5.48952986079121
"ITGA3 ",116.375526929091,-4.1911162563843,1.31545716190618,-3.18605301468815,0.0014422816552254,0.0201544998072562,4.1911162563843
"LOC105378589 ",31.6361790860391,-8.41408565185524,2.64100975341666,-3.18593509204954,0.00144286964742516,0.0201544998072562,8.41408565185524
"AMDHD1 ",21.176256178386,6.39893394672096,2.01236424622596,3.17980900263046,0.00147372152389346,0.0205520856601966,6.39893394672096
"LOC107986343 ",25.7941679791036,-8.11841528106653,2.55753116855395,-3.17431724034736,0.00150189439557068,0.020894179994645,8.11841528106653
"LOC124903144 ",30.9388964924983,-8.38194165961106,2.64364570140077,-3.17059946995537,0.00152124739217338,0.0210782176907501,8.38194165961106
"LOC102725035 ",40.1333664439483,5.69136444859119,1.79543319360515,3.1699115672264,0.00152485338178838,0.0211111841087661,5.69136444859119
"BEND7 ",23.1861325124937,-4.5218899721916,1.42744867113937,-3.16781266017943,0.00153590457929365,0.0212470915635566,4.5218899721916
"FAM106A ",15.7126570130178,5.96582606205819,1.88499295964622,3.16490628335178,0.00155132909511158,0.0213689345759262,5.96582606205819
"PSG3 ",24.4569604649716,-8.0429635339738,2.54333519074152,-3.16236867372123,0.00156491303009418,0.021492887737343,8.0429635339738
"PCDHGC4 ",24.0230388266522,-4.13386313566849,1.30811709966215,-3.16016290646774,0.00157680948514558,0.0216390067223846,4.13386313566849
"FERMT1 ",54.757243560538,-4.6238165814854,1.46465951193801,-3.15692250915523,0.00159443711915083,0.0218460735537155,4.6238165814854
"DAAM2 ",48.2508315923908,-4.42529011777099,1.40601040952329,-3.14740921389864,0.00164724250210165,0.0224267375147685,4.42529011777099
"SIAH3 ",19.0349243225646,-5.19792905559666,1.65232510259389,-3.14582708175088,0.00165617892484501,0.0225127828733473,5.19792905559666
"LOC105377678 ",11.5508163364918,-6.95891747183623,2.21531620801619,-3.14127502279592,0.00168213990464704,0.0228296101096774,6.95891747183623
"LOC124903060 ",28.4669819596123,8.3031508372503,2.64603926799546,3.13795450342672,0.00170131282283419,0.0230534585576012,8.3031508372503
"CCL3L1 ",23.2415447739852,5.57460741076114,1.77681430265531,3.13741700662264,0.00170443520310811,0.0230775967036093,5.57460741076114
"PRKD1 ",31.7168254875944,-6.98236793145222,2.23003831400471,-3.13105290057249,0.00174180781817322,0.0234728040273633,6.98236793145222
"CDH4 ",24.2436947845452,-4.97744726482952,1.59055517848454,-3.1293772967826,0.00175177218334165,0.0235701700571747,4.97744726482952
"TLCD5 ",34.3281398866117,-6.1273890183285,1.96244364189588,-3.12232610787688,0.00179428067695435,0.023973428703189,6.1273890183285
"LINC02834 ",10.0762605343362,-6.76278731811827,2.16957515638468,-3.11710211937879,0.001826382954233,0.0243456423388038,6.76278731811827
"RANBP17 ",49.0583237472267,-7.61649929218653,2.44566939138672,-3.11428000816901,0.00184394406205895,0.0245607069380591,7.61649929218653
"SPAG6 ",41.3970097608417,4.48621022665583,1.44586077003552,3.10279545557185,0.00191702086615082,0.0254160339642445,4.48621022665583
"LOC124902709 ",14.9460289561911,5.91562111266436,1.90730798638364,3.10155525740795,0.00192506939790676,0.0254834763604442,5.91562111266436
"SOX11 ",12.9472676020838,-7.12342785041479,2.29803510926513,-3.09979069584048,0.00193657438780849,0.025596396804759,7.12342785041479
"MARCO ",35.8076693792739,6.17147302679118,1.9936897771585,3.09550317080275,0.00196479272157961,0.0259096689238801,6.17147302679118
"SLC28A3 ",102.321165853892,4.11329697004973,1.32907516842882,3.09485653464755,0.0019690811632334,0.0259264864101635,4.11329697004973
"UICLM ",15.6324947001709,5.96047764492528,1.92625880062334,3.09432857256588,0.00197258893733297,0.0259493403819764,5.96047764492528
"ADH1B ",14.262497960573,-5.81097107826343,1.87816620627054,-3.09395998014586,0.00197504126042281,0.0259493403819764,5.81097107826343
"UNC5A ",12.9887451950602,4.67329653583315,1.5138836555936,3.08695884162955,0.00202215593364674,0.0264633319103625,4.67329653583315
"LDB3 ",413.189443653968,-9.17698541131488,2.97413500016842,-3.08559813552351,0.00203143175249505,0.0265645205385162,9.17698541131488
"A2M-AS1 ",34.4045936621738,-5.04863557535363,1.64338894132671,-3.07208807872217,0.00212566992497854,0.0276137457575589,5.04863557535363
"C3orf70 ",22.6167020662832,-4.87398131179523,1.58656882299495,-3.07202640134745,0.00212610919453574,0.0276137457575589,4.87398131179523
"LPAL2 ",17.1085055366975,6.11814732393663,1.99472394956045,3.06716492038148,0.00216099592624563,0.0278566134043153,6.11814732393663
"LOC124900781 ",25.2610211193156,-4.02147838760796,1.31204697704548,-3.06504146418879,0.00217639821552103,0.0279922547764584,4.02147838760796
"FAM174B ",33.4652333601846,-5.04364934526231,1.64629913547576,-3.0636287395029,0.00218670095735092,0.0281037615945123,5.04364934526231
"SOCS7_1 ",9.57116746474566,6.72983750278859,2.19757771783318,3.06238885122308,0.00219578005038627,0.0281993872291771,6.72983750278859
"LOC105376413 ",24.6423362869517,-6.56968995067574,2.14777518475835,-3.05883502020949,0.00222199478911238,0.0284511222662462,6.56968995067574
"LOC105374296 ",18.8052584410925,-4.55846506605365,1.4930995752858,-3.05302147392354,0.00226549725851299,0.0289220640369066,4.55846506605365
"LOC105374257 ",22.1807361236771,4.48334666663982,1.46894190131626,3.05209257263509,0.00227252003909338,0.0289902130116812,4.48334666663982
"LOC105378210 ",10.7456222038455,-6.85692629658751,2.2498817106231,-3.04768302449487,0.00230613042360183,0.0293754244705876,6.85692629658751
"SLCO2A1 ",17.2084931943449,-5.09985209478583,1.67349597997513,-3.04742416821438,0.00230811755127406,0.0293789903401445,5.09985209478583
"CCN1 ",10.1004093013471,-6.76734992244348,2.22441397207485,-3.0423068760583,0.00234772413461996,0.0298169628285423,6.76734992244348
"GPR3 ",34.5503582677691,-4.52689671104027,1.48861758996217,-3.04100713411246,0.00235788243944635,0.0298495617902312,4.52689671104027
"LOC105373465 ",17.6908918896863,5.13066560927933,1.68723658547041,3.04086910719097,0.00235896356759338,0.0298495617902312,5.13066560927933
"EPHA3 ",25.3606357441716,-8.09520317145669,2.67000239045816,-3.03190858569516,0.00243012786410214,0.0306598756695995,8.09520317145669
"LOC124901459 ",22.116177513926,-4.08722877602367,1.34837786963589,-3.03121911747733,0.00243568420465767,0.0306782268381338,4.08722877602367
"CRB2 ",53.9143864704913,-4.27693441595338,1.41136788665973,-3.0303469820867,0.00244272929265277,0.0307063027007024,4.27693441595338
"RET ",53.3461964686546,4.07627877367314,1.34735880802268,3.02538473745927,0.00248317031435348,0.0310991488125676,4.07627877367314
"LOC105379274 ",13.1645365879137,5.73170083450856,1.89540714446582,3.02399452869211,0.00249460950027131,0.0311989352399484,5.73170083450856
"TRGJP2 ",23.6356389295673,5.5177725313191,1.82516055504241,3.02317103888479,0.00250140821527627,0.0312612447180025,5.5177725313191
"CCDC162P ",88.8699808379115,-5.22169311727879,1.72846331160147,-3.02100315478536,0.00251938735049432,0.0313674655718389,5.22169311727879
"INHBB ",17.679662278718,-4.54064053630358,1.50429991723887,-3.0184409932282,0.0025407887583048,0.0315249703599453,4.54064053630358
"LOC102724557 ",12.500903071203,-7.07535663070942,2.34537743888366,-3.01672409455644,0.00255522269693346,0.0316719116121902,7.07535663070942
"LOC124907722 ",11.1119961196524,-6.9029002038455,2.29761134138332,-3.00438114989869,0.00266121708842357,0.0325724643489909,6.9029002038455
"LINC02458 ",34.4409564285836,6.06592679825966,2.02287237727864,2.99867004285269,0.00271160794499931,0.033055852967408,6.06592679825966
"BEX3 ",45.5308374719638,-4.77996191426785,1.59492764213219,-2.99697728473608,0.00272671030073471,0.033185259947202,4.77996191426785
"KCP ",32.9743434523029,-5.02212263984671,1.67719449282196,-2.99435912849723,0.0027502202227669,0.0334241100378499,5.02212263984671
"DNAJC12 ",15.6752880352364,4.99137221106174,1.66730869427395,2.99367011532037,0.00275643796852176,0.0334760345803042,4.99137221106174
"MMP13 ",10.4871598271441,-6.82185893543486,2.28229819116749,-2.98903051399484,0.0027986418056434,0.0339167794600825,6.82185893543486
"HMHB1 ",27.5140648893222,-5.21115382282472,1.74387736782917,-2.98825704086734,0.00280573477426862,0.0339709918323807,5.21115382282472
"LOC124905056 ",11.9394529407991,-7.00647577355087,2.34570402925736,-2.98693939480894,0.00281785577807645,0.0340610538492934,7.00647577355087
"MYO10 ",543.086565869967,-4.47548746613753,1.50730377641252,-2.96920072527748,0.00298575491523416,0.0357111760486311,4.47548746613753
"SLC6A8 ",113.352150693948,-4.40429335768136,1.48334573878613,-2.96916170149621,0.0029861341352769,0.0357111760486311,4.40429335768136
"CHRNA3 ",21.6059250710342,-4.72291745576621,1.59193034947645,-2.96678649120514,0.00300929853535634,0.0359632072881578,4.72291745576621
"TPSB2 ",57.5876539298104,4.99717888888222,1.68723068839121,2.96176386742175,0.00305882270891527,0.0365043550608341,4.99717888888222
"OR52K1 ",16.4028644882731,7.50570664926104,2.53504983440948,2.96077282086624,0.00306868201090334,0.0365712941313266,7.50570664926104
"LOC107985483 ",9.04241102753038,-6.60691153434814,2.23169053861115,-2.96049627851173,0.00307143832466606,0.036578811162061,6.60691153434814
"SAMD12 ",118.427491975469,-4.92466914636567,1.6643442707959,-2.95892456433346,0.00308714661614685,0.0366897141693861,4.92466914636567
"MAS1 ",14.7666208821537,4.8285138269851,1.63407424796827,2.95489255337611,0.00312777960650855,0.0369683786046742,4.8285138269851
"NOS2 ",548.865294556743,-7.85536259585757,2.65926004941795,-2.95396555804196,0.00313719016152814,0.0370287417625087,7.85536259585757
"SEMA3F ",130.91841782363,-4.80477728185523,1.62717986775397,-2.95282493169446,0.00314880484539187,0.0371149195783211,4.80477728185523
"ANO5 ",35.6446005371298,-6.18655787114999,2.09676438852502,-2.95052601284493,0.00317233330004246,0.0373155733154004,6.18655787114999
"HRK ",184.823117867199,-4.67924666713578,1.58743092709713,-2.94768521090396,0.00320162900584018,0.0375574870903228,4.67924666713578
"RAPGEF4 ",21.6418920590137,-4.05771710822419,1.37775883928286,-2.94515773917029,0.00322790053220475,0.0378141186240378,4.05771710822419
"RASSF8-AS1 ",12.7016530541237,-4.59514904637156,1.56485656621697,-2.93646660376056,0.00331974563308112,0.0386532493908613,4.59514904637156
"SAXO2 ",57.9320446373768,-4.56449978473057,1.55516573899815,-2.93505680473071,0.00333486631284126,0.0388030523175695,4.56449978473057
"LOC124900273 ",32.1636761862856,-4.0686112526649,1.38801398343139,-2.93124658773729,0.00337604682877525,0.0390446168524149,4.0686112526649
"GCSAML ",55.9697055678988,4.00036701863891,1.36522558114181,2.93018756306426,0.00338757462702584,0.0390729033220427,4.00036701863891
"DDC ",21.8742227764674,-7.88192027115502,2.69342509613208,-2.92635584426458,0.00342958407103067,0.0393464748522446,7.88192027115502
"MB ",21.8742227764674,-7.88192027115502,2.69342509613208,-2.92635584426458,0.00342958407103067,0.0393464748522446,7.88192027115502
"ZNF99 ",8.83601834187128,-6.57336257273692,2.24701155804437,-2.92537995597044,0.00344035882271347,0.0394175332756831,6.57336257273692
"LOC105373449 ",25.1049505499708,-4.98656879242201,1.71052802349411,-2.9152219220799,0.00355435699480778,0.0402887071719377,4.98656879242201
"SLC6A20 ",37.5586323426062,-5.67634917846615,1.95103791515443,-2.90939972738401,0.00362123529880767,0.0408641562342172,5.67634917846615
"LOC105379303 ",22.4907359974632,-4.48039474513446,1.54031437846632,-2.90875343875941,0.00362872921626231,0.0409218879964994,4.48039474513446
"LOC112267968 ",8.88711853566608,6.62394844393264,2.27988308114447,2.90538953454031,0.00366796296817831,0.0413101928791757,6.62394844393264
"CLIC2 ",68.8347861187999,-4.22795332805612,1.45634624649666,-2.90312371678558,0.00369460654165683,0.0415649976289758,4.22795332805612
"LOC124903910 ",13.0660568806219,7.18062715783121,2.47406960079249,2.90235454796063,0.00370369106358916,0.0416036680896252,7.18062715783121
"HUNK ",16.7748952112715,-6.01236232645445,2.07304468082713,-2.90025699014628,0.00372856825623708,0.0418285079019452,6.01236232645445
"SYN2 ",42.322808388726,-5.31519725624068,1.8367970368402,-2.89373139744622,0.00380693668468364,0.0425412814329356,5.31519725624068
"C5orf38 ",48.3973247401084,-4.60876383835185,1.59570766959882,-2.88822566072552,0.00387421818940394,0.0432369784834322,4.60876383835185
"TOM1L1 ",15.8477269515422,-4.92893925794495,1.70887268099555,-2.88432211057027,0.00392257304023742,0.0436916242391235,4.92893925794495
"HCG4B_3 ",8.48854978890036,6.55715753425021,2.27793901178774,2.87854832825578,0.00399510062634908,0.044274852048298,6.55715753425021
"SNTG1 ",10.6414828217608,-6.8430761961807,2.37914727069459,-2.87627263787788,0.00402401975948439,0.0443906128467736,6.8430761961807
"EDNRB ",209.097846634319,-4.44138616189928,1.5466687395139,-2.87158203203561,0.00408422763520194,0.04496831309929,4.44138616189928
"PHYHIP ",27.5192871230881,-5.74335861005762,2.00260683665564,-2.86794117793438,0.00413152338264056,0.0453439961045035,5.74335861005762
"POPDC3 ",9.97023507374115,-6.74904164032074,2.35765452135692,-2.86260840135153,0.00420169505463867,0.0459675589289745,6.74904164032074
"ADAMTS2 ",29.3170843179466,-4.02206550778905,1.40527655371643,-2.86211671087246,0.0042082191247373,0.045980471693717,4.02206550778905
"GDF10 ",60.3849247460218,-4.92009455580502,1.72039364712529,-2.85986556857281,0.00423820624811726,0.0461633175152907,4.92009455580502
"COLCA2 ",21.3149753230168,-4.00628068691073,1.40753353476985,-2.84631277901724,0.00442287285067617,0.047749823643216,4.00628068691073
"CLEC4M ",48.4168138137756,-5.59327681735614,1.97341964265853,-2.83430685316431,0.00459252103606774,0.0492722534349687,5.59327681735614
"JPH3 ",35.3393875168785,-4.50888528772397,1.59144816913617,-2.83319644030342,0.00460850557571021,0.0493514452099545,4.50888528772397
"FGF6 ",76.854669117516,-4.36725941242849,1.54328338781328,-2.82984929852487,0.00465699341854744,0.0498396764550889,4.36725941242849
"KY ",45.423774743565,4.41947386303755,1.56186805938345,2.82960768451987,0.00466051133335059,0.0498463266225173,4.41947386303755
"ZNF229 ",56.1417345337116,-4.38894487003724,1.55148442354622,-2.82886814938525,0.00467129396871946,0.0498780310675727,4.38894487003724
